"","rowid","pl_hostname","pl_letter","pl_discmethod","pl_pnum","pl_orbper","pl_orbsmax","pl_orbeccen","pl_orbincl","pl_ttvflag","pl_kepflag","pl_k2flag","ra_str","ra","dec_str","dec","st_dist","st_teff","st_mass","st_rad","rowupdate","pl_name","pl_rvamp","pl_eqt","pl_insol","pl_bmassprov","pl_bmassj","pl_bmasse","pl_dens","pl_radj","pl_rade","pl_rads","pl_def_reflink","pl_disc","pl_disc_reflink","pl_locale","pl_facility","pl_telescope","pl_instrument","st_rah","st_glon","st_glat","st_elon","st_elat","st_plx","st_radv","st_sp","st_spstr","st_age"
"7",7,"1RXS J160929.1-210524","b","Imaging",1,NA,330,NA,NA,0,0,0,"16h09m30.30s",242.376268,"-21d04m58.9s",-21.083036,145,4060,0.85,NA,"15/4/1","1RXS J160929.1-210524 b",NA,1700,NA,"Mass",8,3000,NA,NA,NA,NA,"<a href=http://adsabs.harvard.edu/cgi-bin/nph-bib_query?bibcode=2015ApJ...802...61L target=ref>Lachapelle et al. 2015</a>",2008,"<a href=http://adsabs.harvard.edu/cgi-bin/nph-bib_query?bibcode=2008ApJ...689L.153L target=ref> Lafreniere et al. 2008 </a>","Ground","Gemini Observatory","8.19 m Gemini North Telescope","NIRI Camera",16.15841787,352.89056,22.030427,244.365684,-0.06841,NA,NA,5.7,"K7 V",0.005
"10",10,"2MASS J01225093-2439505","b","Imaging",1,NA,52,NA,NA,0,0,0,"01h22m50.94s",20.712243,"-24d39m50.6s",-24.664049,36,3530,0.4,NA,"14/5/14","2MASS J01225093-2439505 b",NA,NA,NA,"Mass",24.5,7786.5,NA,NA,NA,NA,"<a href=http://adsabs.harvard.edu/abs/2013ApJ...774...55B target=ref> Bowler et al. 2013 </a>",2013,"<a href=http://adsabs.harvard.edu/abs/2013ApJ...774...55B target=ref> Bowler et al. 2013 </a>","Ground","W. M. Keck Observatory","10 m Keck II Telescope","NIRC2 Camera",1.3808162,195.448768,-82.520165,8.622413,-30.711243,NA,9.6,6.35,"M3.5 V",0.12
"11",11,"2MASS J02192210-3925225","b","Imaging",1,NA,156,NA,NA,0,0,0,"02h19m22.11s",34.842106,"-39d25m22.5s",-39.422928,39.4,3064,0.11,0.28,"15/5/14","2MASS J02192210-3925225 b",NA,NA,NA,"Mass",13.9,4417.837,NA,1.44,16.141,0.148,"<a href=http://adsabs.harvard.edu/cgi-bin/nph-bib_query?bibcode=2015ApJ...806..254A target=ref>Artigau et al. 2015</a>",2015,"<a href=http://adsabs.harvard.edu/cgi-bin/nph-bib_query?bibcode=2015ApJ...806..254A target=ref>Artigau et al. 2015</a>","Ground","Cerro Tololo Inter-American Observatory","1.5 m CTIO Telescope","SIMON Near-Infrared Spectroimager",2.32280707,252.453768,-67.984453,13.508497,-49.30478,NA,10.6,6.6,"M6",0.035
"12",12,"2MASS J04414489+2301513","b","Imaging",1,NA,15,NA,NA,0,0,0,"04h41m44.90s",70.437073,"+23d01m51.4s",23.030941,140,NA,0.02,NA,"14/5/14","2MASS J04414489+2301513 b",NA,NA,NA,"Mass",7.5,2383.6,NA,NA,NA,NA,"<a href=http://adsabs.harvard.edu/cgi-bin/nph-bib_query?bibcode=2010ApJ...714L..84T target=ref> Todorov et al. 2010 </a>",2010,"<a href=http://adsabs.harvard.edu/cgi-bin/nph-bib_query?bibcode=2010ApJ...714L..84T target=ref> Todorov et al. 2010 </a>","Space","Hubble Space Telescope","2.4 m Hubble Space Telescope","WFPC2 Camera",4.69580487,176.510593,-15.114249,72.050227,0.80244,NA,NA,6.85,"M8.5",0.001
"13",13,"2MASS J12073346-3932539","b","Imaging",1,NA,46,NA,NA,0,0,0,"12h07m33.47s",181.889447,"-39d32m54.0s",-39.548332,52.4,NA,0.02,NA,"14/5/14","2MASS J12073346-3932539 b",NA,1150,NA,"Mass",4,1271,NA,NA,NA,NA,"<a href=http://adsabs.harvard.edu/cgi-bin/nph-bib_query?bibcode=2008A&A...477L...1D target=ref> Ducourant et al. 2008 </a>",2004,"<a href=http://adsabs.harvard.edu/cgi-bin/nph-bib_query?bibcode=2004A&A...425L..29C target=ref> Chauvin et al. 2004 </a>","Ground","Paranal Observatory","8.2 m ESO VLT UT4 Yepun Telescope","NACO Camera",12.12596313,293.790363,22.543297,199.743654,-35.034839,NA,NA,6.8,"M8",0.008
"15",15,"2MASS J21402931+1625183 A","b","Imaging",1,7336.5,NA,0.26,46.2,0,0,0,"21h40m29.32s",325.122159,"+16d25m18.3s",16.421759,25,2300,0.08,0.12,"14/5/14","2MASS J21402931+1625183 A b",NA,2075,NA,"Mass",20.95,6657.48,NA,0.92,10.31,0.09,"<a href=http://adsabs.harvard.edu/abs/2010ApJ...711.1087K target=ref> Konopacky et al. 2010 </a>",2009,"<a href=http://adsabs.harvard.edu/abs/2010ApJ...711.1087K target=ref> Konopacky et al. 2010 </a>","Ground","W. M. Keck Observatory","10 m Keck II Telescope","NIRC2 Camera",21.6748106,70.485103,-26.437255,333.590507,28.526095,NA,13,6.85,"M8.5",NA
"16",16,"2MASS J22362452+4751425","b","Imaging",1,NA,230,NA,NA,0,0,0,"22h36m24.53s",339.102203,"+47d51m42.6s",47.86182,74,4045,0.6,NA,"16/11/10","2MASS J22362452+4751425 b",NA,NA,NA,"Mass",12.5,3972.875,NA,NA,NA,NA,"<a href=http://adsabs.harvard.edu/abs/2016arXiv161100364B target=ref>Bowler et al. 2016</a>",2016,"<a href=http://adsabs.harvard.edu/abs/2016arXiv161100364B target=ref>Bowler et al. 2016</a>","Ground","W. M. Keck Observatory","10 m Keck II Telescope","NIRC2 Camera",22.60681356,100.748288,-9.108906,6.858823,50.853569,NA,-21.5,5.7,"K7 V",0.12
"23",23,"51 Eri","b","Imaging",1,NA,13.2,NA,NA,0,0,0,"04h37m36.13s",69.400551,"-02d28m24.8s",-2.473548,29.4,NA,1.75,NA,"15/8/14","51 Eri b",NA,700,NA,"Mass",2,635.66,NA,NA,NA,NA,"<a href=http://adsabs.harvard.edu/cgi-bin/nph-bib_query?bibcode=2015Sci...350...64M target=ref>Macintosh et al. 2015</a>",2015,"<a href=http://adsabs.harvard.edu/cgi-bin/nph-bib_query?bibcode=2015Sci...350...64M target=ref>Macintosh et al. 2015</a>","Ground","Gemini Observatory","8.19 m Gemini South Telescope","Gemini Planet Imager",4.62670339,198.61262,-30.657612,67.313442,-24.305028,NA,17.3,3,"F0 IV",0.02
"40",40,"AB Pic","b","Imaging",1,NA,260,NA,NA,0,0,0,"06h19m12.91s",94.803802,"-58d03m15.5s",-58.05431,45.52,NA,NA,NA,"14/5/14","AB Pic b",NA,NA,NA,"Mass",13.5,4290.5,NA,NA,NA,NA,"<a href=http://adsabs.harvard.edu/cgi-bin/nph-bib_query?bibcode=2005A&A...438L..29C target=ref> Chauvin et al. 2005 </a>",2005,"<a href=http://adsabs.harvard.edu/cgi-bin/nph-bib_query?bibcode=2005A&A...438L..29C target=ref> Chauvin et al. 2005 </a>","Ground","Paranal Observatory","8.2 m ESO VLT UT4 Yepun Telescope","NACO Camera",6.3202535,266.943713,-26.930799,106.859385,-81.211862,21.97,22.2,5.2,"K2 V",0.03
"59",59,"CFBDSIR J145829+101343","b","Imaging",1,10037.5,2.6,NA,NA,0,0,0,"14h58m29.00s",224.620833,"+10d13m43.0s",10.228611,23.1,580.5,0.02,NA,"14/5/14","CFBDSIR J145829+101343 b",NA,370,NA,"Mass",10.5,3337.1,NA,NA,NA,NA,"<a href=http://adsabs.harvard.edu/abs/2011ApJ...740..108L target=ref> Liu et al. 2011 </a>",2011,"<a href=http://adsabs.harvard.edu/abs/2011ApJ...740..108L target=ref> Liu et al. 2011 </a>","Ground","W. M. Keck Observatory","10 m Keck II Telescope","NIRC2 Camera",14.97472222,9.594193,55.655091,218.819332,25.969066,43.3,NA,NA,"",NA
"60",60,"CHXR 73","b","Imaging",1,NA,210,NA,NA,0,0,0,"11h06m28.77s",166.619893,"-77d37m33.2s",-77.625877,NA,NA,0.35,NA,"14/5/14","CHXR 73 b",NA,NA,NA,"Mass",12.569,3994.486,NA,NA,NA,NA,"<a href=http://adsabs.harvard.edu/abs/2006ApJ...649..894L target=ref> Luhman et al. 2006 </a>",2006,"<a href=http://adsabs.harvard.edu/abs/2006ApJ...649..894L target=ref> Luhman et al. 2006 </a>","Space","Hubble Space Telescope","2.4 m Hubble Space Telescope","ACS Camera",11.10799287,297.277725,-15.921642,238.71138,-66.332993,NA,NA,6.35,"M3.5",0.002
"61",61,"CT Cha","b","Imaging",1,NA,440,NA,NA,0,0,0,"11h04m09.09s",166.037877,"-76d27m19.4s",-76.455383,165,NA,NA,NA,"14/5/14","CT Cha b",NA,2600,NA,"Mass",17,5403,NA,2.2,24.66,0.226,"<a href=http://adsabs.harvard.edu/cgi-bin/nph-bib_query?bibcode=2008A&A...491..311S target=ref> Schmidt et al. 2008 </a>",2007,"<a href=http://adsabs.harvard.edu/cgi-bin/nph-bib_query?bibcode=2008A&A...491..311S target=ref> Schmidt et al. 2008 </a>","Ground","Paranal Observatory","8.2 m ESO VLT UT4 Yepun Telescope","NACO Camera",11.0691918,296.653702,-14.909141,235.834353,-66.126704,NA,NA,NA,"",0.002
"92",92,"DH Tau","b","Imaging",1,NA,330,NA,NA,0,0,0,"04h29m41.56s",67.423158,"+26d32m58.3s",26.54952,140,NA,0.33,0.27,"14/5/14","DH Tau b",NA,NA,NA,"Mass",11,3496,NA,NA,NA,NA,"<a href=http://adsabs.harvard.edu/abs/2012A%26A...540A..85P target=ref> Patience et al. 2012 </a>",2004,"<a href=http://adsabs.harvard.edu/abs/2005ApJ...620..984I target=ref> Itoh et al. 2005 </a>","Ground","Subaru Telescope","8.2 m Subaru Telescope","CIAO Camera",4.4948772,171.899507,-14.938721,69.843598,4.676286,NA,NA,6.05,"M0.5",0.001
"101",101,"FU Tau","b","Imaging",1,NA,800,NA,NA,0,0,0,"04h23m35.74s",65.898908,"+25d02m59.6s",25.049898,140,2838,0.05,NA,"16/3/10","FU Tau b",NA,2375,NA,"Mass",16,5085.28,NA,NA,NA,NA,"<a href=http://adsabs.harvard.edu/abs/2009ApJ...691.1265L target=ref> Luhman et al. 2009 </a>",2008,"<a href=http://adsabs.harvard.edu/abs/2009ApJ...691.1265L target=ref> Luhman et al. 2009 </a>","Space","Spitzer Space Telescope","0.85 m Spitzer Space Telescope","IRAC Infrared Array Camera",4.39326053,172.115586,-16.960789,68.247655,3.412304,NA,NA,6.72,"M7.25",0.001
"102",102,"Fomalhaut","b","Imaging",1,555530,160,0.87,55,0,0,0,"22h57m39.05s",344.412689,"-29d37m20.1s",-29.622236,7.69,NA,2,NA,"15/11/19","Fomalhaut b",NA,NA,NA,"",NA,NA,NA,NA,NA,NA,"<a href=http://adsabs.harvard.edu/cgi-bin/nph-bib_query?bibcode=2014A&A...561A..43B target=ref>Beust et al. 2014</a>",2008,"<a href=http://adsabs.harvard.edu/abs/2008Sci...322.1345K target=ref> Kalas et al. 2008 </a>","Space","Hubble Space Telescope","2.4 m Hubble Space Telescope","ACS Camera",22.96084595,20.488021,-64.90957,333.860252,-21.135613,130.08,NA,2.3,"A3 V",0.2
"122",122,"GJ 504","b","Imaging",1,NA,43.5,NA,NA,0,0,0,"13h16m46.52s",199.193817,"+09d25m27.0s",9.424156,17.95,6234,1.22,NA,"14/5/14","GJ 504 b",NA,510,NA,"Mass",4,1271.3,NA,NA,NA,NA,"<a href=http://adsabs.harvard.edu/abs/2013ApJ...774...11K target=ref> Kuzuhara et al. 2013 </a>",2013,"<a href=http://adsabs.harvard.edu/abs/2013ApJ...774...11K target=ref> Kuzuhara et al. 2013 </a>","Ground","Subaru Telescope","8.2 m Subaru Telescope","HiCIAO Camera",13.27958781,322.790149,71.3124,194.008198,16.214869,55.71,-27.4,4,"G0 V",0.16
"147",147,"GQ Lup","b","Imaging",1,NA,100,NA,NA,0,0,0,"15h49m12.10s",237.300427,"-35d39m05.1s",-35.651421,139,NA,0.7,NA,"14/5/14","GQ Lup b",NA,2650,NA,"Mass",20,6356,NA,3,33.6,0.308,"<a href=http://adsabs.harvard.edu/abs/2008A%26A...484..281N target=ref> Neuh&auml;user et al. 2008 </a>",2004,"<a href=http://adsabs.harvard.edu/cgi-bin/nph-bib_query?bibcode=2005A&A...435L..13N target=ref> Neuhauser et al. 2005 </a>","Ground","Paranal Observatory","8.2 m ESO VLT UT4 Yepun Telescope","NACO Camera",15.82002847,338.925348,14.51088,242.937052,-15.23378,NA,NA,5.7,"K7e V",0.001
"148",148,"GSC 06214-00210","b","Imaging",1,NA,320,NA,NA,0,0,1,"16h21m54.67s",245.47778,"-20d43m09.1s",-20.719202,145,4200,0.9,NA,"15/4/1","GSC 06214-00210 b",NA,2300,NA,"Mass",16,5000,NA,NA,NA,NA,"<a href=http://adsabs.harvard.edu/cgi-bin/nph-bib_query?bibcode=2015ApJ...802...61L target=ref>Lachapelle et al. 2015</a>",2010,"<a href=http://adsabs.harvard.edu/cgi-bin/nph-bib_query?bibcode=2011ApJ...726..113I target=ref> Ireland et al. 2011 </a>","Ground","Palomar Observatory","5.1 m Hale Telescope","PHARO Camera",16.36518533,355.261958,20.124738,247.154925,0.796311,NA,NA,5.7,"K7",0.005
"149",149,"GU Psc","b","Imaging",1,NA,2000,NA,NA,0,0,0,"01h12m35.04s",18.146006,"+17d03m55.7s",17.065475,48,NA,0.33,NA,"14/5/14","GU Psc b",NA,1050,NA,"Mass",11.3,3591.3,NA,1.265,14.179,0.13,"<a href=http://adsabs.harvard.edu/abs/2014ApJ...787....5N target=ref> Naud et al. 2014 </a>",2014,"<a href=http://adsabs.harvard.edu/abs/2014ApJ...787....5N target=ref> Naud et al. 2014 </a>","Ground","Gemini Observatory","8.19 m Gemini South Telescope","GMOS Spectrograph",1.20973373,130.152329,-45.509583,23.228804,8.67441,NA,-1.6,6.3,"M3",0.1
"237",237,"HD 100546","b","Imaging",1,NA,53,NA,NA,0,0,0,"11h33m25.44s",173.356003,"-70d11m41.2s",-70.194786,97,10500,2.4,NA,"15/5/14","HD 100546 b",NA,NA,NA,"",NA,NA,NA,6.9,77.342,0.709,"<a href=http://adsabs.harvard.edu/cgi-bin/nph-bib_query?bibcode=2015ApJ...807...64Q target=ref>Quanz et al. 2015</a>",2014,"<a href=http://adsabs.harvard.edu/cgi-bin/nph-bib_query?bibcode=2015ApJ...807...64Q target=ref>Quanz et al. 2015</a>","Ground","Paranal Observatory","8.2 m ESO VLT UT4 Yepun Telescope","NACO Camera",11.55706685,296.367276,-8.323635,225.147184,-61.498731,NA,NA,1.9,"B9 Vne",0.005
"263",263,"HD 106906","b","Imaging",1,NA,650,NA,NA,0,0,0,"12h17m53.19s",184.471634,"-55d58m31.9s",-55.975525,91.83,6516,1.5,NA,"14/5/14","HD 106906 b",NA,1800,NA,"Mass",11,3496,NA,NA,NA,NA,"<a href=http://adsabs.harvard.edu/abs/2014ApJ...780L...4B target=ref> Bailey et al. 2014 </a>",2013,"<a href=http://adsabs.harvard.edu/abs/2014ApJ...780L...4B target=ref> Bailey et al. 2014 </a>","Ground","Las Campanas Observatory","6.5 m Magellan II Clay Telescope","Clio2 Camera",12.29810893,298.218878,6.588967,213.533835,-47.992283,10.89,11.1,3.5,"F5 V",0.013
"312",312,"HD 131399 A","b","Imaging",1,200887.5,82,0.35,40,0,0,0,"14h54m25.31s",223.605453,"-34d08m34.0s",-34.142788,98,9300,1.82,NA,"16/7/18","HD 131399 A b",NA,850,NA,"Mass",4,1271.32,NA,NA,NA,NA,"<a href=http://adsabs.harvard.edu/abs/2016arXiv160702525W target=ref>Wagner et al. 2016</a>",2016,"<a href=http://adsabs.harvard.edu/abs/2016arXiv160702525W target=ref>Wagner et al. 2016</a>","Ground","Paranal Observatory","8.2 m ESO VLT UT3 Melipal Telescope","SPHERE",14.90703023,330.116033,22.156274,231.259545,-16.731458,NA,NA,2.1,"A1 V",NA
"453",453,"HD 203030","b","Imaging",1,NA,487.1,NA,NA,0,0,0,"21h18m58.22s",319.742584,"+26d13m50.0s",26.230545,40.85,NA,NA,NA,"14/5/14","HD 203030 b",NA,1206,NA,"Mass",24.09,7656.097,NA,NA,NA,NA,"<a href=http://adsabs.harvard.edu/cgi-bin/nph-bib_query?bibcode=2006ApJ...651.1166M target=ref> Metchev & Hillenbrand 2006 </a>",2006,"<a href=http://adsabs.harvard.edu/cgi-bin/nph-bib_query?bibcode=2006ApJ...651.1166M target=ref> Metchev & Hillenbrand 2006 </a>","Ground","Palomar Observatory","5.1 m Hale Telescope","PHARO Camera",21.31617228,74.613581,-16.117743,332.521651,39.501218,24.48,-17,4.8,"G8 V",0.22
"665",665,"HD 95086","b","Imaging",1,NA,55.7,NA,NA,0,0,0,"10h57m03.02s",164.262589,"-68d40m02.4s",-68.667343,91.57,NA,1.6,NA,"14/5/14","HD 95086 b",NA,1000,NA,"Mass",5,1589,NA,NA,NA,NA,"<a href=http://adsabs.harvard.edu/abs/2013ApJ...779L..26R target=ref> Rameau et al. 2013 </a>",2013,"<a href=http://adsabs.harvard.edu/abs/2013ApJ...772L..15R target=ref> Rameau et al. 2013 </a>","Ground","Paranal Observatory","8.2 m ESO VLT UT4 Yepun Telescope","NACO Camera",10.95083923,292.802924,-8.075282,218.64784,-63.363381,10.92,NA,2.8,"A8 III",0.017
"707",707,"HIP 78530","b","Imaging",1,NA,740,NA,NA,0,0,1,"16h01m55.46s",240.481064,"-21d58m49.4s",-21.980389,156.7,10500,2.5,NA,"15/4/1","HIP 78530 b",NA,2700,NA,"Mass",23,7300,NA,NA,NA,NA,"<a href=http://adsabs.harvard.edu/cgi-bin/nph-bib_query?bibcode=2015ApJ...802...61L target=ref>Lachapelle et al. 2015</a>",2010,"<a href=http://adsabs.harvard.edu/abs/2011ApJ...730...42L target=ref> Lafreni&egrave;re et al. 2011 </a>","Ground","Gemini Observatory","8.19 m Gemini North Telescope","NIRI Camera",16.03207092,350.870628,22.681059,242.805542,-1.284748,NA,NA,1.9,"B9 V",0.005
"712",712,"HN Peg","b","Imaging",1,NA,773,NA,NA,0,0,0,"21h44m31.33s",326.130554,"+14d46m19.0s",14.771939,18.39,NA,NA,NA,"14/5/14","HN Peg b",NA,NA,NA,"Mass",21.9987,6991.57,NA,1.051,11.777,0.108,"<a href=http://adsabs.harvard.edu/cgi-bin/nph-bib_query?bibcode=2007ApJ...654..570L target=ref> Luhman et al. 2007 </a>",2006,"<a href=http://adsabs.harvard.edu/cgi-bin/nph-bib_query?bibcode=2007ApJ...654..570L target=ref> Luhman et al. 2007 </a>","Space","Spitzer Space Telescope","0.85 m Spitzer Space Telescope","IRAC Infrared Array Camera",21.74203695,69.859355,-28.269284,333.918834,26.633875,54.37,-17.2,4,"G0 IV-V",NA
"713",713,"HR 2562","b","Imaging",1,NA,20.3,NA,NA,0,0,0,"06h50m01.01s",102.504227,"-60d14m56.9s",-60.249146,33.63,NA,1.3,NA,"16/9/8","HR 2562 b",NA,1200,NA,"Mass",30,9534.9,NA,1.11,12.442,0.114,"<a href=http://adsabs.harvard.edu/abs/2016arXiv160806660K target=ref>Konopacky et al. 2016</a>",2016,"<a href=http://adsabs.harvard.edu/abs/2016arXiv160806660K target=ref>Konopacky et al. 2016</a>","Ground","Gemini Observatory","8.19 m Gemini South Telescope","Gemini Planet Imager",6.83361511,270.175773,-23.491796,137.301908,-81.593885,NA,22.2,3.5,"F5 V",0.6
"715",715,"HR 8799","b","Imaging",4,170000,68,NA,NA,0,0,0,"23h07m28.72s",346.869659,"+21d08m03.3s",21.134251,39.4,NA,1.51,NA,"14/5/14","HR 8799 b",NA,NA,NA,"Mass",7,2000,NA,1.2,13,0.12,"<a href=http://adsabs.harvard.edu/abs/2008Sci...322.1348M target=ref> Marois et al. 2008 </a>",2008,"<a href=http://adsabs.harvard.edu/abs/2008Sci...322.1348M target=ref> Marois et al. 2008 </a>","Ground","Gemini Observatory","8.19 m Gemini North Telescope","NIRI Camera",23.12464396,92.764215,-35.575078,356.787566,24.524745,NA,NA,3.02,"F0+ V ({lambda} Boo)...",NA
"716",716,"HR 8799","c","Imaging",4,69000,38,NA,NA,0,0,0,"23h07m28.72s",346.869659,"+21d08m03.3s",21.134251,39.4,NA,1.51,NA,"14/5/14","HR 8799 c",NA,NA,NA,"Mass",10,3000,NA,1.2,13,0.12,"<a href=http://adsabs.harvard.edu/abs/2008Sci...322.1348M target=ref> Marois et al. 2008 </a>",2008,"<a href=http://adsabs.harvard.edu/abs/2008Sci...322.1348M target=ref> Marois et al. 2008 </a>","Ground","Gemini Observatory","8.19 m Gemini North Telescope","NIRI Camera",23.12464396,92.764215,-35.575078,356.787566,24.524745,NA,NA,3.02,"F0+ V ({lambda} Boo)...",NA
"717",717,"HR 8799","d","Imaging",4,37000,24,NA,NA,0,0,0,"23h07m28.72s",346.869659,"+21d08m03.3s",21.134251,39.4,NA,1.51,NA,"14/5/14","HR 8799 d",NA,NA,NA,"Mass",10,3000,NA,1.2,13,0.12,"<a href=http://adsabs.harvard.edu/abs/2008Sci...322.1348M target=ref> Marois et al. 2008 </a>",2008,"<a href=http://adsabs.harvard.edu/abs/2008Sci...322.1348M target=ref> Marois et al. 2008 </a>","Ground","W. M. Keck Observatory","10 m Keck II Telescope","NIRC2 Camera",23.12464396,92.764215,-35.575078,356.787566,24.524745,NA,NA,3.02,"F0+ V ({lambda} Boo)...",NA
"718",718,"HR 8799","e","Imaging",4,18000,14.5,NA,NA,0,0,0,"23h07m28.72s",346.869659,"+21d08m03.3s",21.134251,39.4,NA,1.51,NA,"14/5/14","HR 8799 e",NA,NA,NA,"",NA,NA,NA,NA,NA,NA,"<a href=http://adsabs.harvard.edu/cgi-bin/nph-bib_query?bibcode=2010Natur.468.1080M target=ref> Marois et al. 2010 </a>",2010,"<a href=http://adsabs.harvard.edu/cgi-bin/nph-bib_query?bibcode=2010Natur.468.1080M target=ref> Marois et al. 2010 </a>","Ground","W. M. Keck Observatory","10 m Keck II Telescope","NIRC2 Camera",23.12464396,92.764215,-35.575078,356.787566,24.524745,NA,NA,3.02,"F0+ V ({lambda} Boo)...",NA
"3172",3172,"LkCa 15","b","Imaging",2,NA,14.7,NA,50,0,0,0,"04h39m17.80s",69.824148,"+22d21m03.5s",22.350967,NA,NA,NA,NA,"15/12/3","LkCa 15 b",NA,NA,NA,"",NA,NA,NA,NA,NA,NA,"<a href=http://adsabs.harvard.edu/abs/2015Natur.527..342S reftitle Accreting protoplanets in the LkCa 15 transition disk target=ref>Sallum et al. 2015</a>",2015,"<a href=http://adsabs.harvard.edu/abs/2015Natur.527..342S reftitle Accreting protoplanets in the LkCa 15 transition disk target=ref>Sallum et al. 2015</a>","Ground","Large Binocular Telescope Observatory","Large Binocular Telescope","LMIRCam",4.6549432,176.689699,-15.981635,71.397978,0.205164,NA,NA,NA,"",NA
"3173",3173,"LkCa 15","c","Imaging",2,NA,18.6,NA,50,0,0,0,"04h39m17.80s",69.824148,"+22d21m03.5s",22.350967,NA,NA,NA,NA,"15/12/3","LkCa 15 c",NA,NA,NA,"",NA,NA,NA,NA,NA,NA,"<a href=http://adsabs.harvard.edu/abs/2015Natur.527..342S reftitle Accreting protoplanets in the LkCa 15 transition disk target=ref>Sallum et al. 2015</a>",2015,"<a href=http://adsabs.harvard.edu/abs/2015Natur.527..342S reftitle Accreting protoplanets in the LkCa 15 transition disk target=ref>Sallum et al. 2015</a>","Ground","Large Binocular Telescope Observatory","Large Binocular Telescope","LMIRCam",4.6549432,176.689699,-15.981635,71.397978,0.205164,NA,NA,NA,"",NA
"3235",3235,"Oph 11","b","Imaging",1,7300000,243,NA,NA,0,0,0,"16h22m25.21s",245.605058,"-24d05m13.9s",-24.087208,125,2375,0.02,NA,"16/3/10","Oph 11 b",NA,2175,NA,"Mass",14,4449.62,NA,NA,NA,NA,"<a href=http://adsabs.harvard.edu/abs/2007ApJ...660.1492C target=ref> Close et al. 2007 </a>",2006,"<a href=http://adsabs.harvard.edu/abs/2007ApJ...660.1492C target=ref> Close et al. 2007 </a>","Ground","Gemini Observatory","8.19 m Gemini North Telescope","NIRI Camera",16.37367053,352.678581,17.803216,247.825967,-2.506298,NA,NA,6.9,"M9",5
"3250",3250,"ROXs 12","b","Imaging",1,NA,210,NA,NA,0,0,1,"16h26m27.75s",246.615609,"-25d27m24.7s",-25.456865,120,3850,0.87,NA,"14/5/14","ROXs 12 b",NA,NA,NA,"Mass",16,5085,NA,NA,NA,NA,"<a href=http://adsabs.harvard.edu/abs/2014ApJ...781...20K target=ref> Kraus et al. 2014 </a>",2013,"<a href=http://adsabs.harvard.edu/abs/2014ApJ...781...20K target=ref> Kraus et al. 2014 </a>","Ground","W. M. Keck Observatory","10 m Keck II Telescope","NIRC2 Camera",16.4410406,352.24976,16.206447,248.954128,-3.709982,NA,NA,6,"M0",0.008
"3251",3251,"ROXs 42 B","b","Imaging",1,NA,157,NA,NA,0,0,0,"16h31m15.02s",247.812567,"-24d32m43.7s",-24.545471,135,NA,1,NA,"14/5/14","ROXs 42 B b",NA,1975,NA,"Mass",9,2860,NA,NA,NA,NA,"<a href=http://adsabs.harvard.edu/cgi-bin/nph-bib_query?bibcode=2014ApJ...787..104C target=ref> Currie et al. 2014</a>",2013,"<a href=http://adsabs.harvard.edu/abs/2014ApJ...780L..30C target=ref> Currie et al. 2014 </a>","Ground","Multiple Observatories","Multiple Telescopes","Multiple Instruments",16.5208378,353.70707,15.989827,249.88675,-2.642135,NA,NA,6,"M0",0.003
"3253",3253,"Ross 458","c","Imaging",1,NA,1168,NA,NA,0,0,0,"13h00m46.58s",195.194092,"+12d22m32.6s",12.375724,11.43,NA,NA,NA,"14/5/14","Ross 458 c",NA,NA,NA,"Mass",6.28536,1997.59,NA,1.22,13.675,0.125,"<a href=http://adsabs.harvard.edu/abs/2010ApJ...725.1405B target=ref> Burgasser et al. 2010 </a>",2010,"<a href=http://adsabs.harvard.edu/abs/2010ApJ...725.1405B target=ref> Burgasser et al. 2010 </a>","Ground","Las Campanas Observatory","6.5 m Magellan I Baade Telescope","FIRE Spectrograph",13.01293945,311.825376,75.085959,189.019366,17.365544,87.5,-11.2,6.05,"M0.5",NA
"3254",3254,"SR 12 AB","c","Imaging",1,NA,NA,NA,NA,0,0,1,"16h27m19.51s",246.8313,"-24d41m40.4s",-24.694553,NA,NA,NA,NA,"14/5/14","SR 12 AB c",NA,NA,NA,"Mass",13,4131.62,NA,NA,NA,NA,"<a href=http://adsabs.harvard.edu/abs/2011AJ....141..119K target=ref> Kuzuhara et al. 2011 </a>",2010,"<a href=http://adsabs.harvard.edu/abs/2011AJ....141..119K target=ref> Kuzuhara et al. 2011 </a>","Ground","Infrared Survey Facility","1.4 m IRSF Telescope","SIRIUS Camera",16.45542,352.97994,16.564992,249.027145,-2.926418,NA,NA,NA,"",NA
"3268",3268,"USco CTIO 108","b","Imaging",1,NA,670,NA,NA,0,0,0,"16h05m54.08s",241.47532,"-18d18m44.4s",-18.312332,NA,2700,0.06,NA,"15/5/14","USco CTIO 108 b",NA,NA,NA,"Mass",14,4449.62,NA,NA,NA,NA,"<a href=http://adsabs.harvard.edu/cgi-bin/nph-bib_query?bibcode=2008ApJ...673L.185B target=ref>B&eacute;jar et al. 2008</a>",2008,"<a href=http://adsabs.harvard.edu/cgi-bin/nph-bib_query?bibcode=2008ApJ...673L.185B target=ref>B&eacute;jar et al. 2008</a>","Ground","Teide Observatory","4.20 m William Herschel Telescope","ACAM Auxiliary Port Camera",16.09835467,354.469767,24.538897,243.013294,2.494453,NA,NA,6.7,"M7",NA
"3273",3273,"VHS J125601.92-125723.9","b","Imaging",1,NA,102,NA,NA,0,0,0,"12h56m02.15s",194.008964,"-12d57m21.7s",-12.956031,12.7,2620,0.07,NA,"15/5/14","VHS J125601.92-125723.9 b",NA,NA,NA,"Mass",11.2,3559.696,NA,NA,NA,NA,"<a href=http://adsabs.harvard.edu/cgi-bin/nph-bib_query?bibcode=2015ApJ...804...96G target=ref>Gauza et al. 2015</a>",2015,"<a href=http://adsabs.harvard.edu/cgi-bin/nph-bib_query?bibcode=2015ApJ...804...96G target=ref>Gauza et al. 2015</a>","Ground","Paranal Observatory","4 m ESO Vista Telescope","VIRCAM CCD Array",12.93393093,304.671183,49.9002,197.912092,-6.422687,78.8,-1.4,6.75,"M7.5",0.225
"3398",3398,"WD 0806-661","b","Imaging",1,NA,2500,NA,NA,0,0,0,"08h06m53.74s",121.723902,"-66d18m16.7s",-66.30465,19.2,NA,0.62,NA,"14/5/14","WD 0806-661 b",NA,323,NA,"Mass",7.5,2383.6,NA,NA,NA,NA,"<a href=http://adsabs.harvard.edu/abs/2012ApJ...744..135L target=ref> Luhman et al. 2012 </a>",2011,"<a href=http://adsabs.harvard.edu/abs/2011ApJ...730L...9L target=ref> Luhman et al. 2011 </a>","Space","Spitzer Space Telescope","0.85 m Spitzer Space Telescope","IRAC Infrared Array Camera",8.11492677,279.422545,-17.571577,193.471044,-77.449856,NA,NA,NA,"",1.5
"3399",3399,"WISEP J121756.91+162640.2 A","b","Imaging",1,NA,8,NA,NA,0,0,0,"12h17m56.91s",184.487125,"+16d26m40.2s",16.4445,10.1,575,0.03,0.09,"14/5/14","WISEP J121756.91+162640.2 A b",NA,450,NA,"Mass",22,6992,NA,0.934,10.468,0.096,"<a href=http://adsabs.harvard.edu/abs/2014ApJ...780...62L target=ref> Leggett et al. 2014 </a>",2012,"<a href=http://adsabs.harvard.edu/abs/2012ApJ...758...57L target=ref> Liu et al. 2013 </a>","Ground","W. M. Keck Observatory","10 m Keck II Telescope","NIRC2 Camera",12.29914167,265.238465,76.797372,177.37946,16.832446,99,NA,8.85,"T8.5",6
"3416",3416,"bet Pic","b","Imaging",1,7665,9.1,0.08,88.9,0,0,0,"05h47m17.09s",86.821198,"-51d03m59.4s",-51.066513,19.28,NA,1.76,NA,"15/8/13","bet Pic b",NA,NA,NA,"",NA,NA,NA,NA,NA,NA,"<a href=http://adsabs.harvard.edu/cgi-bin/nph-bib_query?bibcode=2014ApJ...794..158N target=ref>Nielsen et al. 2014</a>",2008,"<a href=http://adsabs.harvard.edu/cgi-bin/nph-bib_query?bibcode=2009A&A...493L..21L target=ref> Lagrange et al. 2009 </a>","Ground","Paranal Observatory","8.2 m ESO VLT UT4 Yepun Telescope","NACO Camera",5.78807983,258.36388,-30.611632,82.543549,-74.423525,51.87,NA,2.5,"A5 V",NA
"3423",3423,"kap And","b","Imaging",1,NA,55,NA,NA,0,0,0,"23h40m24.51s",355.102112,"+44d20m02.2s",44.333931,52.03,10900,2.6,NA,"14/5/14","kap And b",NA,1900,NA,"Mass",13.616,4327.36,NA,NA,NA,NA,"<a href=http://adsabs.harvard.edu/abs/2014A%26A...562A.111B target=ref> Bonnefoy et al. 2014 </a>",2012,"<a href=http://adsabs.harvard.edu/abs/2013ApJ...763L..32C target=ref> Carson et al. 2013 </a>","Ground","Subaru Telescope","8.2 m Subaru Telescope","HiCIAO Camera",23.67347412,109.765862,-16.714333,17.298524,41.717991,19.22,NA,1.9,"B9 IV",0.03
